turnout,treated,dormid,treatment_group
0,0,1010101,0
0,0,1010101,0
0,0,1010101,0
0,0,1010102,0
0,0,1010102,0
0,1,1010103,1
0,1,1010103,1
0,1,1010103,1
1,1,1010103,1
0,1,1010104,1
0,1,1010104,1
0,1,1010104,1
0,1,1010104,1
0,0,1010105,0
0,0,1010105,0
0,0,1010105,0
0,0,1010105,0
0,1,1010106,1
0,1,1010106,1
0,1,1010106,1
1,1,1010106,1
0,1,1010108,1
0,1,1010108,1
0,1,1010108,1
0,1,1010108,1
0,1,1010109,1
1,1,1010109,1
0,1,1010109,1
0,1,1010109,1
1,1,1010110,1
1,1,1010110,1
0,1,1010110,1
1,1,1010110,1
1,0,1010111,0
1,0,1010111,0
1,0,1010111,0
1,0,1010111,0
1,1,1010112,1
1,1,1010112,1
0,1,1010112,1
0,0,1010113,0
0,0,1010113,0
1,0,1010113,0
1,0,1010113,0
0,1,1010114,1
1,1,1010114,1
1,1,1010114,1
0,1,1010114,1
0,1,1010116,1
1,1,1010116,1
0,1,1010116,1
1,1,1010116,1
1,1,1010118,1
1,1,1010118,1
1,1,1010118,1
1,1,1010124,1
0,1,1010124,1
0,1,1010124,1
0,1,1010124,1
0,0,1010125,0
1,0,1010125,0
1,0,1010125,0
1,0,1010125,0
0,1,1010126,1
1,1,1010126,1
1,1,1010126,1
1,1,1010126,1
1,0,1010127,0
1,0,1010127,0
0,0,1010127,0
1,0,1010127,0
1,1,1010128,1
1,1,1010128,1
1,1,1010128,1
1,1,1010128,1
1,1,1010129,1
1,1,1010129,1
1,1,1010129,1
1,1,1010129,1
0,1,1010130,1
0,1,1010130,1
0,1,1010130,1
1,1,1010132,1
1,1,1010132,1
1,1,1010132,1
1,1,1010132,1
1,1,1010133,1
0,1,1010133,1
1,1,1010133,1
1,1,1010133,1
1,1,1010134,1
0,1,1010134,1
1,1,1010134,1
1,1,1010134,1
0,1,1020233,1
0,1,1020233,1
1,1,1020233,1
1,1,1020233,1
1,1,1020234,1
0,1,1020234,1
1,1,1020234,1
1,1,1020234,1
0,1,1020235,1
0,1,1020235,1
1,1,1020235,1
0,1,1020235,1
0,0,1020236,0
1,0,1020236,0
0,0,1020236,0
0,0,1020236,0
1,0,2020227,0
1,0,2020227,0
1,0,2020227,0
1,0,2020227,0
1,1,2020228,1
1,1,2020228,1
1,1,2020228,1
1,1,2020228,1
1,0,2020229,0
1,0,2020229,0
1,0,2020229,0
1,0,2020229,0
1,1,2020230,1
1,1,2020230,1
1,1,2020230,1
1,1,2020230,1
1,1,2020231,1
1,1,2020231,1
1,1,2020231,1
1,1,2020231,1
1,0,2020250,0
1,0,2020250,0
1,0,2020250,0
1,0,2020250,0
1,1,2020252,1
1,1,2020252,1
1,1,2020252,1
1,1,2020252,1
1,1,2020256,1
1,1,2020256,1
0,1,2020256,1
1,1,2020256,1
1,0,2020258,0
1,0,2020258,0
0,0,2020258,0
1,0,2020258,0
0,0,2020260,0
0,0,2020260,0
0,0,2020260,0
1,0,2020260,0
1,1,2020261,1
1,1,2020261,1
1,1,2020261,1
1,0,2020262,1
1,0,2020262,1
1,0,2020262,1
1,1,2020312,1
1,1,2020312,1
1,1,2020312,1
1,1,2020312,1
1,1,2030313,1
1,1,2030313,1
0,1,2030313,1
1,1,2030313,1
1,0,2030314,0
0,0,2030314,0
1,0,2030314,0
1,0,2030314,0
0,1,2030315,1
1,1,2030315,1
0,1,2030315,1
0,1,2030315,1
0,0,2030316,0
0,0,2030316,0
0,0,2030316,0
0,1,2030317,1
0,1,2030317,1
0,1,2030317,1
0,0,2030318,0
0,0,2030318,0
0,0,2030318,0
1,0,2030319,1
0,0,2030319,1
1,0,2030319,1
0,0,2030319,1
1,1,2030320,1
1,1,2030320,1
1,1,2030320,1
1,1,2030320,1
0,0,2030321,1
1,0,2030321,1
0,0,2030321,1
1,0,2030321,1
1,1,2030322,1
1,1,2030322,1
0,1,2030322,1
1,1,2030322,1
0,1,2030323,1
0,1,2030323,1
0,1,2030323,1
0,1,2030323,1
1,1,2030324,1
1,1,2030324,1
1,1,2030324,1
1,1,2030324,1
1,0,2030325,0
1,0,2030325,0
1,0,2030325,0
1,0,2030325,0
1,1,2030326,1
0,1,2030326,1
1,1,2030326,1
0,1,2030326,1
1,0,2030327,1
1,0,2030327,1
0,0,2030327,1
1,0,2030327,1
0,0,2030328,0
0,0,2030328,0
0,0,2030328,0
0,0,2030328,0
1,0,2030329,0
0,0,2030329,0
1,0,2030329,0
1,0,2030329,0
0,0,2040434,1
0,0,2040434,1
0,0,2040434,1
0,0,2040434,1
1,1,2040435,1
1,1,2040435,1
1,1,2040435,1
1,1,2040435,1
0,1,2040436,1
0,1,2040436,1
1,1,2040436,1
1,1,2040436,1
0,0,2040437,0
0,0,2040437,0
0,0,2040437,0
1,0,2040437,0
0,0,2040438,0
0,0,2040438,0
0,0,2040438,0
0,0,2040438,0
0,1,2040439,1
1,1,2040439,1
0,1,2040439,1
0,1,2040439,1
1,1,2040440,1
0,1,2040440,1
0,1,2040440,1
1,1,2040440,1
1,0,2040441,1
1,0,2040441,1
1,0,2040441,1
1,0,2040441,1
1,1,2040442,1
1,1,2040442,1
1,1,2040442,1
1,1,2040442,1
1,0,2040443,1
0,0,2040443,1
0,0,2040443,1
1,0,2040443,1
1,0,2040444,0
1,0,2040444,0
1,0,2040444,0
1,0,2040444,0
1,1,2040445,1
1,1,2040445,1
1,1,2040445,1
1,0,2040446,0
0,0,2040446,0
1,0,2040446,0
1,1,2040447,1
1,1,2040447,1
1,1,2040447,1
1,1,2040448,1
1,1,2040448,1
1,1,2040448,1
1,1,2040448,1
1,1,2040449,1
1,1,2040449,1
1,1,2040449,1
1,1,2040449,1
1,1,2050450,1
1,1,2050450,1
1,1,2050450,1
1,1,2050450,1
1,0,2050452,0
0,0,2050452,0
1,0,2050452,0
1,0,2050452,0
1,1,2050454,1
1,1,2050454,1
1,1,2050454,1
1,1,2050454,1
1,0,2050456,0
1,0,2050456,0
1,0,2050456,0
1,0,2050456,0
0,1,2050458,1
0,1,2050458,1
1,1,2050458,1
0,1,2050458,1
1,0,2050459,1
1,0,2050459,1
1,0,2050459,1
1,0,2050459,1
1,1,2050460,1
1,1,2050460,1
1,1,2050460,1
1,1,2050460,1
0,0,2050461,0
0,0,2050461,0
0,0,2050461,0
1,0,2050462,0
0,0,2050462,0
1,0,2050462,0
0,1,3010101,1
1,1,3010101,1
1,1,3010101,1
1,1,3010101,1
1,0,3010102,0
0,0,3010102,0
1,0,3010102,0
1,0,3010102,0
0,1,3010107,1
0,1,3010107,1
0,1,4030302,1
1,1,4030302,1
0,1,4030302,1
1,0,4030304,1
1,0,4030304,1
1,0,4030304,1
1,0,4030304,1
0,0,4030306,0
1,0,4030306,0
1,0,4030306,0
1,0,4030306,0
1,1,4030307,1
1,1,4030307,1
1,1,4030307,1
1,1,4030307,1
1,0,4030308,0
1,0,4030308,0
0,0,4030308,0
1,0,4030308,0
1,0,4030309,0
0,0,4030309,0
0,0,4030309,0
1,0,4030309,0
1,1,4030310,1
1,1,4030310,1
1,1,4030310,1
1,1,4030310,1
1,1,4030311,1
0,1,4030311,1
0,1,4030311,1
1,1,4030311,1
1,1,4030312,1
0,1,4030312,1
1,1,4030312,1
1,1,4030312,1
1,1,4030313,1
1,1,4030313,1
0,1,4030313,1
1,1,4030313,1
1,0,4030314,1
1,0,4030314,1
1,0,4030314,1
1,0,4030314,1
0,0,4030315,0
0,0,4030315,0
0,0,4030315,0
1,0,4030315,0
1,1,4030316,1
1,1,4030316,1
1,1,4030316,1
1,1,4030316,1
1,1,4030317,1
1,1,4030317,1
0,1,4030317,1
1,1,4030317,1
1,1,4030318,1
1,1,4030318,1
1,1,4030318,1
1,1,4030318,1
1,1,4030320,1
1,1,4030320,1
1,1,4030320,1
1,1,4030320,1
0,0,4030321,0
1,0,4030321,0
0,0,4030321,0
0,0,4030322,0
0,0,4030322,0
0,0,4030322,0
0,0,4030322,0
1,1,4030323,1
1,1,4030323,1
1,1,4030323,1
1,1,4030323,1
0,0,4030324,0
0,0,4030324,0
1,0,4030324,0
1,0,4030324,0
0,0,4030325,0
0,0,4030325,0
0,0,4030325,0
0,0,4030325,0
1,1,4030326,1
0,1,4030326,1
1,1,4030326,1
0,1,4030326,1
0,1,4030327,1
1,1,4030327,1
1,1,4030327,1
0,1,4030327,1
1,1,4030328,1
1,1,4030328,1
1,1,4030328,1
1,1,4030328,1
0,0,4030329,0
1,0,4030329,0
0,0,4030329,0
0,0,4030329,0
1,1,4030330,1
1,1,4030330,1
1,1,4030330,1
0,1,4030330,1
1,0,4030331,0
1,0,4030331,0
0,0,4030331,0
0,0,4030331,0
1,0,4030332,1
0,0,4030332,1
1,0,4030332,1
1,0,4030332,1
1,1,4030334,1
1,1,4030334,1
1,1,4030334,1
1,1,4030334,1
1,1,4030336,1
1,1,4030336,1
1,1,4030336,1
1,1,4030336,1
1,1,4030338,1
1,1,4030338,1
1,1,4030338,1
1,1,4040431,1
1,1,4040431,1
1,1,4040432,1
1,1,4040432,1
1,1,4040432,1
1,1,4040432,1
1,1,4040434,1
1,1,4040434,1
1,1,4040434,1
1,1,4040434,1
1,0,4040436,0
1,0,4040436,0
1,0,4040436,0
1,0,4040436,0
1,0,4040438,0
1,0,4040438,0
1,0,4040438,0
1,0,5010103,0
1,0,5010103,0
1,0,5010103,0
1,0,5010103,0
1,1,5010104,1
1,1,5010104,1
1,1,5010104,1
1,0,5010105,0
1,0,5010105,0
1,0,5010105,0
1,0,5010105,0
1,0,5010106,0
1,0,5010106,0
1,0,5010106,0
1,0,5010106,0
1,1,5010107,1
1,1,5010107,1
1,1,5010107,1
1,1,5010107,1
1,1,5010108,1
1,1,5010108,1
1,1,5010108,1
1,1,5010108,1
1,1,5010109,1
1,1,5010109,1
1,1,5010109,1
1,1,5010109,1
1,1,5010110,1
1,1,5010110,1
1,1,5010110,1
1,1,5010110,1
1,0,5010111,1
1,0,5010111,1
1,0,5010111,1
1,0,5010111,1
1,0,5010112,0
1,0,5010112,0
1,0,5010112,0
1,0,5010112,0
1,1,5010114,1
1,1,5010114,1
1,1,5010114,1
1,1,5010114,1
1,1,5010119,1
1,1,5010119,1
1,1,5010119,1
1,1,5010119,1
1,1,5010121,1
1,1,5010121,1
1,1,5010121,1
1,1,5010121,1
1,0,5010123,0
1,0,5010123,0
1,0,5010123,0
1,0,5010123,0
1,1,5010124,1
1,1,5010124,1
1,1,5010124,1
1,1,5010124,1
1,0,5010125,0
1,0,5010125,0
1,0,5010125,0
1,0,5010125,0
1,0,5010126,0
1,0,5010126,0
0,0,5010126,0
0,0,5010126,0
1,1,5010127,1
1,1,5010127,1
1,1,5010127,1
1,1,5010127,1
1,1,5010128,1
1,1,5010128,1
1,1,5010128,1
1,1,5010128,1
1,0,5010129,0
1,0,5010129,0
1,0,5010129,0
1,0,5010129,0
1,0,5010130,0
1,0,5010130,0
1,0,5010130,0
1,0,5010130,0
1,0,5010131,0
1,0,5010131,0
1,0,5010131,0
0,0,5010131,0
1,0,5010133,0
1,0,5010133,0
1,0,5010133,0
1,0,5010133,0
0,0,5010135,0
1,0,5010135,0
1,0,5010135,0
1,0,5010135,0
1,0,5010137,0
0,0,5010137,0
0,0,5010137,0
0,0,5010137,0
0,1,5010139,1
1,1,5010139,1
0,1,5010139,1
0,1,5010139,1
1,0,5010142,1
1,0,5010142,1
1,0,5010142,1
0,0,5010142,1
1,1,5010143,1
1,1,5010143,1
1,1,5010143,1
1,1,5010143,1
1,1,5010144,1
1,1,5010144,1
0,1,5010144,1
1,1,5010144,1
1,1,5010145,1
1,1,5010145,1
1,1,5010145,1
1,1,5010145,1
0,0,5020204,0
0,0,5020204,0
0,0,5020204,0
0,0,5020204,0
1,1,5020205,1
1,1,5020205,1
1,1,5020205,1
0,1,5020205,1
1,1,5020206,1
1,1,5020206,1
1,1,5020206,1
1,1,5020206,1
1,1,5020207,1
0,1,5020207,1
1,1,5020207,1
1,1,5020207,1
0,0,5020208,0
1,0,5020208,0
0,0,5020208,0
0,0,5020208,0
1,1,5020209,1
1,1,5020209,1
1,1,5020209,1
1,1,5020209,1
1,1,5020210,1
1,1,5020210,1
1,1,5020210,1
0,1,5020210,1
1,0,5020211,1
0,0,5020211,1
0,0,5020211,1
0,0,5020211,1
1,1,5020212,1
1,1,5020212,1
1,1,5020212,1
1,1,5020212,1
1,0,5020214,0
0,0,5020214,0
0,0,5020214,0
0,0,5020214,0
1,0,5020218,0
0,0,5020218,0
0,0,5020218,0
0,0,5020218,0
1,1,5020219,1
1,1,5020219,1
1,1,5020219,1
0,1,5020219,1
0,1,5020220,1
0,1,5020220,1
1,1,5020220,1
1,1,5020220,1
0,0,5020221,1
0,0,5020221,1
0,0,5020221,1
0,0,5020221,1
0,1,5020222,1
0,1,5020222,1
0,1,5020222,1
0,1,5020222,1
0,0,5020223,0
0,0,5020223,0
0,0,5020223,0
1,0,5020223,0
1,1,5020224,1
1,1,5020224,1
1,1,5020224,1
1,1,5020224,1
1,1,5020225,1
1,1,5020225,1
1,1,5020225,1
1,1,5020225,1
1,1,5020226,1
1,1,5020226,1
1,1,5020226,1
1,1,5020226,1
1,0,5020227,0
1,0,5020227,0
1,0,5020227,0
1,0,5020227,0
1,1,5020228,1
1,1,5020228,1
1,1,5020228,1
1,1,5020228,1
1,0,5020229,0
1,0,5020229,0
1,0,5020229,0
1,0,5020229,0
1,1,5020230,1
1,1,5020230,1
1,1,5020230,1
1,1,5020230,1
1,1,5020231,1
1,1,5020231,1
1,1,5020231,1
1,1,5020231,1
1,1,5020233,1
1,1,5020233,1
1,1,5020233,1
1,1,5020233,1
1,1,5020235,1
1,1,5020235,1
1,1,5020235,1
1,1,5020235,1
1,1,5020237,1
1,1,5020237,1
1,1,5020237,1
1,1,5020237,1
1,0,5020239,1
1,0,5020239,1
1,0,5020239,1
1,0,5020239,1
1,1,5020242,1
1,1,5020242,1
1,1,5020242,1
1,1,5020242,1
1,0,5020243,1
1,0,5020243,1
1,0,5020243,1
1,0,5020243,1
1,0,5020244,1
1,0,5020244,1
1,0,5020244,1
1,0,5020244,1
1,1,5020245,1
1,1,5020245,1
1,1,5020245,1
1,1,5020245,1
1,0,5020246,1
1,0,5020246,1
1,0,5020246,1
1,0,5020246,1
1,1,5020247,1
1,1,5020247,1
1,1,5020247,1
1,1,5020247,1
1,1,5020248,1
1,1,5020248,1
1,1,5020248,1
1,1,5020248,1
1,0,5020249,0
1,0,5020249,0
1,0,5020249,0
1,0,5020249,0
1,0,5030301,0
1,0,5030301,0
1,0,5030301,0
1,0,5030301,0
1,1,5030302,1
1,1,5030302,1
1,1,5030302,1
0,1,5030302,1
1,0,5030303,0
1,0,5030303,0
0,0,5030303,0
1,0,5030303,0
1,0,5030304,0
1,0,5030304,0
0,0,5030304,0
1,0,5030304,0
1,0,5030305,0
1,0,5030305,0
1,0,5030305,0
1,0,5030305,0
1,1,5030306,1
0,1,5030306,1
1,1,5030306,1
1,1,5030306,1
1,1,5030307,1
1,1,5030307,1
1,1,5030307,1
1,1,5030307,1
0,0,5030308,1
0,0,5030308,1
1,0,5030308,1
0,0,5030308,1
1,1,5030309,1
1,1,5030309,1
1,1,5030309,1
1,1,5030309,1
0,0,5030310,0
0,0,5030310,0
1,0,5030310,0
0,0,5030310,0
1,1,5030311,1
1,1,5030311,1
0,1,5030311,1
1,1,5030311,1
1,1,5030312,1
0,1,5030312,1
1,1,5030312,1
0,1,5030312,1
1,1,5030314,1
1,1,5030314,1
1,1,5030314,1
1,1,5030314,1
1,1,5030318,1
1,1,5030318,1
1,1,5030318,1
1,1,5030318,1
1,0,5030319,0
1,0,5030319,0
1,0,5030319,0
1,0,5030319,0
1,1,5030320,1
0,1,5030320,1
1,1,5030320,1
1,1,5030320,1
1,1,5030321,1
1,1,5030321,1
1,1,5030321,1
1,1,5030321,1
1,1,5030322,1
1,1,5030322,1
0,1,5030322,1
1,1,5030322,1
1,1,5030323,1
1,1,5030323,1
1,1,5030323,1
1,1,5030323,1
1,0,5030324,0
1,0,5030324,0
1,0,5030324,0
1,0,5030324,0
1,1,5030325,1
1,1,5030325,1
1,1,5030325,1
1,1,5030325,1
0,0,5030326,0
1,0,5030326,0
0,0,5030326,0
1,0,5030326,0
1,0,5030327,0
1,0,5030327,0
1,0,5030327,0
1,0,5030327,0
1,0,5030328,0
1,0,5030328,0
1,0,5030328,0
1,0,5030328,0
0,0,5030329,1
1,0,5030329,1
0,0,5030329,1
1,0,5030329,1
1,0,5030330,1
1,0,5030330,1
1,0,5030330,1
1,0,5030330,1
1,1,5030331,1
1,1,5030331,1
1,1,5030331,1
1,1,5030331,1
1,1,5030333,1
1,1,5030333,1
1,1,5030333,1
1,1,5030333,1
1,0,5030335,1
1,0,5030335,1
1,0,5030335,1
1,0,5030335,1
1,0,5030337,0
1,0,5030337,0
1,0,5030337,0
1,0,5030337,0
1,1,5030339,1
1,1,5030339,1
1,1,5030339,1
1,1,5030339,1
1,0,5030342,0
1,0,5030342,0
1,0,5030342,0
1,0,5030342,0
1,1,5030343,1
1,1,5030343,1
1,1,5030343,1
1,1,5030343,1
1,1,5030344,1
1,1,5030344,1
1,1,5030344,1
1,1,5030344,1
1,0,5030345,0
1,0,5030345,0
1,0,5030345,0
1,0,5030345,0
1,0,5030346,0
1,0,5030346,0
1,0,5030346,0
1,0,5030346,0
1,1,5030347,1
1,1,5030347,1
1,1,5030347,1
1,1,5030347,1
1,1,5030347,1
1,0,5030349,0
1,0,5030349,0
1,0,5030349,0
1,0,5030349,0
1,1,5040401,1
1,1,5040401,1
1,1,5040401,1
1,1,5040401,1
1,0,5040402,0
1,0,5040402,0
1,0,5040402,0
1,0,5040402,0
1,0,5040403,0
1,0,5040403,0
1,0,5040403,0
1,0,5040403,0
1,1,5040404,1
1,1,5040404,1
1,1,5040404,1
1,1,5040404,1
1,0,5040405,1
1,0,5040405,1
1,0,5040405,1
1,0,5040405,1
1,0,5040406,1
1,0,5040406,1
1,0,5040406,1
1,0,5040406,1
1,1,5040407,1
1,1,5040407,1
1,1,5040407,1
1,1,5040407,1
1,0,5040408,0
1,0,5040408,0
1,0,5040408,0
1,0,5040408,0
1,0,5040409,0
1,0,5040409,0
1,0,5040409,0
1,0,5040409,0
1,0,5040410,0
1,0,5040410,0
1,0,5040410,0
1,0,5040410,0
1,1,5040411,1
1,1,5040411,1
1,1,5040411,1
1,1,5040411,1
1,1,5040412,1
1,1,5040412,1
1,1,5040412,1
1,1,5040412,1
1,0,5040414,0
1,0,5040414,0
1,0,5040414,0
1,0,5040414,0
1,0,5040418,1
1,0,5040418,1
1,0,5040418,1
1,0,5040418,1
1,0,5040419,0
1,0,5040419,0
1,0,5040419,0
1,0,5040419,0
1,1,5040420,1
1,1,5040420,1
0,1,5040420,1
1,1,5040420,1
1,0,5040421,0
1,0,5040421,0
0,0,5040421,0
1,0,5040421,0
0,0,5040422,0
1,0,5040422,0
0,0,5040422,0
1,0,5040422,0
1,1,5040423,1
1,1,5040423,1
1,1,5040423,1
1,1,5040423,1
1,1,6010129,1
1,1,6010129,1
1,1,6010129,1
1,1,6010129,1
1,1,6010130,1
1,1,6010130,1
1,1,6010130,1
1,1,6010130,1
1,1,6010132,1
1,1,6010132,1
1,1,6010132,1
1,1,6010132,1
1,1,6010134,1
1,1,6010134,1
1,1,6010134,1
1,1,6010134,1
1,1,6010136,1
1,1,6010136,1
1,1,6010136,1
1,1,6010136,1
1,0,6010138,0
1,0,6010138,0
1,0,6010138,0
1,0,6010138,0
1,0,6010140,1
1,0,6010140,1
1,0,6010140,1
1,0,6010140,1
1,1,6010142,1
1,1,6010142,1
1,1,6010142,1
1,1,6010142,1
1,1,6010143,1
1,1,6010143,1
1,1,6010143,1
1,1,6010143,1
1,1,6010144,1
1,1,6010144,1
1,1,6010144,1
1,1,6010144,1
1,1,6010145,1
1,1,6010145,1
1,1,6010145,1
0,1,6010145,1
1,1,6010146,1
1,1,6010146,1
1,1,6010146,1
1,1,6010146,1
1,1,6010147,1
1,1,6010147,1
1,1,6010147,1
1,1,6010147,1
0,1,6010148,1
0,1,6010148,1
0,1,6010148,1
1,1,6010148,1
0,0,6010149,0
1,0,6010149,0
0,0,6010149,0
1,0,6010149,0
1,1,6020201,1
1,1,6020201,1
1,1,6020201,1
1,1,6020201,1
1,1,6020202,1
1,1,6020202,1
1,1,6020202,1
1,1,6020202,1
0,1,6020203,1
0,1,6020203,1
1,1,6020203,1
1,1,6020203,1
1,0,6020251,0
1,0,6020251,0
1,0,6020251,0
1,0,6020251,0
1,0,6030301,0
1,0,6030301,0
1,0,6030301,0
1,0,6030301,0
1,1,6030302,1
1,1,6030302,1
1,1,6030302,1
1,1,6030302,1
1,1,6030303,1
1,1,6030303,1
0,1,6030303,1
1,1,6030303,1
0,1,6030304,1
0,1,6030304,1
1,1,6030304,1
1,1,6030304,1
1,0,6030305,0
1,0,6030305,0
1,0,6030305,0
1,0,6030305,0
1,1,6030306,1
1,1,6030306,1
1,1,6030306,1
1,1,6030306,1
0,0,6030307,0
0,0,6030307,0
1,0,6030307,0
1,0,6030307,0
1,0,6040402,0
1,0,6040402,0
1,0,6040402,0
1,0,6040402,0
1,1,6040403,1
1,1,6040403,1
1,1,6040403,1
1,1,6040403,1
1,1,6040404,1
1,1,6040404,1
1,1,6040404,1
1,1,6040404,1
1,1,6040405,1
1,1,6040405,1
1,1,6040405,1
0,1,6040405,1
1,1,6040406,1
1,1,6040406,1
1,1,6040406,1
1,1,6040406,1
1,1,6040407,1
1,1,6040407,1
1,1,6040407,1
1,1,6040407,1
1,1,6040408,1
1,1,6040408,1
1,1,6040408,1
1,1,6040408,1
1,0,6040410,0
1,0,6040410,0
1,0,6040410,0
1,0,6040410,0
1,1,6040412,1
1,1,6040412,1
1,1,6040412,1
1,1,6040412,1
1,1,6040414,1
1,1,6040414,1
1,1,6040414,1
1,1,6040414,1
1,1,6040416,1
1,1,6040416,1
1,1,6040416,1
1,1,6040416,1
1,0,6040417,0
1,0,6040417,0
1,0,6040417,0
1,0,6040417,0
1,0,6040418,1
1,0,6040418,1
1,0,6040418,1
1,0,6040418,1
1,1,6040419,1
1,1,6040419,1
1,1,6040419,1
1,1,6040419,1
1,0,6040420,0
1,0,6040420,0
1,0,6040420,0
1,0,6040420,0
1,1,6040421,1
1,1,6040421,1
1,1,6040421,1
1,1,6040421,1
1,1,6040422,1
1,1,6040422,1
1,1,6040422,1
1,1,6040422,1
1,1,6040423,1
1,1,6040423,1
1,1,6040423,1
1,1,6040423,1
1,1,6040424,1
1,1,6040424,1
1,1,6040424,1
1,1,6040424,1
1,0,6040425,0
1,0,6040425,0
1,0,6040425,0
1,0,6040425,0
1,1,6040426,1
1,1,6040426,1
1,1,6040426,1
1,1,6040426,1
1,1,6040427,1
1,1,6040427,1
1,1,6040427,1
1,1,6040427,1
1,1,6040428,1
1,1,6040428,1
1,1,6040428,1
1,1,6040428,1
1,1,6040429,1
1,1,6040429,1
1,1,6040429,1
1,1,6040429,1
1,0,6040430,1
1,0,6040430,1
1,0,6040430,1
1,0,6040430,1
1,0,6040440,0
1,0,6040440,0
1,0,6040440,0
1,0,6040440,0
1,1,6040442,1
1,1,6040442,1
1,1,6040442,1
1,1,6040442,1
1,1,6040443,1
1,1,6040443,1
1,1,6040443,1
1,1,6040443,1
1,0,6040444,1
1,0,6040444,1
1,0,6040444,1
1,0,6040444,1
1,1,6040445,1
1,1,6040445,1
1,1,6040445,1
1,1,6040445,1
1,1,6040446,1
0,1,6040446,1
0,1,6040446,1
0,1,6040446,1
1,1,6040447,1
1,1,6040447,1
1,1,6040447,1
1,1,6040447,1
0,1,6040448,1
1,1,6040448,1
0,1,6040448,1
1,1,6040448,1
0,1,6040449,1
0,1,6040449,1
1,1,6040449,1
1,1,6040449,1
1,1,6040450,1
1,1,6040450,1
1,1,6040450,1
1,1,6040450,1
1,1,6040451,1
1,1,6040451,1
1,1,6040451,1
1,1,6040451,1
1,1,6050501,1
1,1,6050501,1
1,1,6050501,1
1,1,6050501,1
0,1,6050502,1
0,1,6050502,1
1,1,6050502,1
1,1,6050502,1
1,1,6050503,1
1,1,6050503,1
1,1,6050503,1
1,1,6050503,1
1,1,6050504,1
1,1,6050504,1
1,1,6050504,1
1,1,6050504,1
1,1,6050505,1
1,1,6050505,1
1,1,6050505,1
1,1,6050505,1
1,1,6050506,1
0,1,6050506,1
1,1,6050506,1
1,1,6050506,1
0,0,6050507,0
0,0,6050507,0
1,0,6050507,0
1,0,6050507,0
1,0,6050508,1
0,0,6050508,1
1,0,6050508,1
1,0,6050508,1
1,0,6050510,0
1,0,6050510,0
1,0,6050510,0
1,0,6050510,0
1,1,6050512,1
0,1,6050512,1
0,1,6050512,1
0,1,6050512,1
1,1,6050514,1
1,1,6050514,1
1,1,6050514,1
1,1,6050514,1
0,0,6050516,0
0,0,6050516,0
0,0,6050516,0
0,0,6050516,0
0,0,6050517,0
1,0,6050517,0
0,0,6050517,0
0,0,6050517,0
1,1,6050518,1
1,1,6050518,1
0,1,6050518,1
1,1,6050518,1
0,0,6050519,0
0,0,6050519,0
1,0,6050519,0
0,0,6050519,0
1,0,6050520,0
1,0,6050520,0
1,0,6050520,0
1,0,6050520,0
1,1,6050538,1
1,1,6050538,1
1,1,6050538,1
1,1,6050538,1
1,0,6050540,0
1,0,6050540,0
1,0,6050540,0
1,0,6050540,0
1,1,6050542,1
1,1,6050542,1
1,1,6050542,1
1,1,6050542,1
1,0,6050543,0
1,0,6050543,0
1,0,6050543,0
1,0,6050543,0
1,1,6050544,1
1,1,6050544,1
1,1,6050544,1
1,1,6050544,1
1,1,6050545,1
1,1,6050545,1
1,1,6050545,1
1,1,6050545,1
1,0,6050546,0
1,0,6050546,0
1,0,6050546,0
1,0,6050546,0
1,0,6050547,0
1,0,6050547,0
1,0,6050547,0
1,0,6050547,0
1,0,6050548,0
1,0,6050548,0
1,0,6050548,0
1,0,6050548,0
1,0,6050549,0
1,0,6050549,0
1,0,6050549,0
1,0,6050549,0
1,1,6050550,1
1,1,6050550,1
1,1,6050550,1
1,1,6050550,1
1,1,6050551,1
1,1,6050551,1
1,1,6050551,1
1,1,6050551,1
1,1,6060601,1
1,1,6060601,1
1,1,6060601,1
1,1,6060601,1
1,0,6060602,1
1,0,6060602,1
1,0,6060602,1
1,0,6060602,1
1,1,6060603,1
1,1,6060603,1
1,1,6060603,1
1,1,6060603,1
1,1,6060604,1
1,1,6060604,1
1,1,6060604,1
1,1,6060604,1
1,0,6060605,1
1,0,6060605,1
1,0,6060605,1
1,0,6060605,1
1,1,6060634,1
1,1,6060634,1
1,1,6060634,1
1,1,6060634,1
0,1,6060636,1
1,1,6060636,1
1,1,6060636,1
1,1,6060636,1
1,1,6060638,1
1,1,6060638,1
1,1,6060638,1
0,1,6060638,1
1,1,6060640,1
1,1,6060640,1
0,1,6060640,1
1,1,6060640,1
1,0,6060642,0
1,0,6060642,0
0,0,6060642,0
0,0,6060642,0
1,0,6060643,0
1,0,6060643,0
0,0,6060643,0
1,0,6060643,0
0,0,6060644,0
0,0,6060644,0
0,0,6060644,0
1,0,6060644,0
1,1,6060645,1
1,1,6060645,1
1,1,6060645,1
1,1,6060645,1
0,1,6060646,1
0,1,6060646,1
0,1,6060646,1
1,1,6060646,1
0,1,6060647,1
0,1,6060647,1
0,1,6060647,1
0,1,6060647,1
1,0,6060648,0
1,0,6060648,0
0,0,6060648,0
1,0,6060648,0
0,1,6060649,1
0,1,6060649,1
0,1,6060649,1
1,1,6060649,1
0,0,6060650,0
1,0,6060650,0
1,0,6060650,0
1,0,6060650,0
1,1,6060651,1
0,1,6060651,1
0,1,6060651,1
1,1,6060651,1
1,0,7020201,0
0,0,7020201,0
1,0,7020201,0
0,0,7020201,0
1,0,7020204,0
1,0,7020204,0
1,0,7020204,0
1,0,7020204,0
1,1,7020206,1
0,1,7020206,1
0,1,7020206,1
1,1,7020208,1
1,1,7020208,1
1,1,7020208,1
1,1,7020208,1
0,0,7020210,0
0,0,7020210,0
1,0,7020210,0
0,0,7020210,0
0,1,7020212,1
0,1,7020212,1
1,1,7020212,1
1,0,7020214,0
1,0,7020214,0
1,0,7020214,0
0,0,7020214,0
1,1,7020216,1
1,1,7020216,1
0,1,7020216,1
1,1,7020216,1
0,1,7020218,1
0,1,7020218,1
1,1,7020218,1
1,1,7020218,1
0,0,7020220,1
0,0,7020220,1
0,0,7020220,1
0,0,7020222,1
0,0,7020222,1
0,0,7020222,1
1,1,7020224,1
1,1,7020224,1
1,1,7020224,1
1,1,7020224,1
0,1,7020226,1
0,1,7020226,1
1,1,7020226,1
1,1,7020226,1
1,1,7030301,1
1,1,7030301,1
1,1,7030301,1
0,1,7030301,1
1,0,7030304,1
0,0,7030304,1
0,0,7030304,1
1,0,7030304,1
0,1,7030312,1
0,1,7030312,1
0,1,7030312,1
0,1,7030312,1
0,0,7030314,0
0,0,7030314,0
0,0,7030314,0
0,0,7030314,0
0,1,7030316,1
0,1,7030316,1
1,1,7030316,1
1,1,7030316,1
1,0,7030318,1
1,0,7030318,1
1,0,7030318,1
1,0,7030318,1
1,1,7030320,1
1,1,7030320,1
1,1,7030320,1
1,1,7030320,1
0,0,7030322,0
0,0,7030322,0
0,0,7030322,0
1,0,7030322,0
1,1,7030324,1
1,1,7030324,1
1,1,7030324,1
1,1,7030324,1
1,1,7030326,1
1,1,7030326,1
1,1,7030326,1
1,1,7030326,1
1,0,7040401,0
1,0,7040401,0
0,0,7040401,0
1,0,7040401,0
1,1,7040404,1
1,1,7040404,1
1,1,7040404,1
1,1,7040404,1
0,0,7040406,1
1,0,7040406,1
1,0,7040406,1
1,0,7040406,1
1,1,7040408,1
1,1,7040408,1
1,1,7040408,1
1,1,7040408,1
1,1,7040410,1
1,1,7040410,1
1,1,7040410,1
1,1,7040410,1
0,0,7040412,0
0,0,7040412,0
1,0,7040412,0
0,0,7040412,0
1,1,7040414,1
1,1,7040414,1
1,1,7040414,1
0,1,7040414,1
1,1,7040416,1
1,1,7040416,1
1,1,7040416,1
1,1,7040416,1
1,1,7040418,1
1,1,7040418,1
1,1,7040418,1
1,1,7040418,1
1,1,7040420,1
1,1,7040420,1
1,1,7040420,1
1,1,7040420,1
1,0,7040422,0
1,0,7040422,0
1,0,7040422,0
1,0,7040422,0
1,1,7040424,1
1,1,7040424,1
1,1,7040424,1
1,1,7040424,1
1,1,7040426,1
1,1,7040426,1
1,1,7040426,1
1,1,7040426,1
0,0,7050510,0
1,0,7050510,0
1,0,7050510,0
0,0,7050510,0
1,1,7050512,1
1,1,7050512,1
1,1,7050512,1
1,1,7050512,1
1,0,7050514,0
1,0,7050514,0
1,0,7050514,0
1,0,7050514,0
1,0,7050516,0
0,0,7050516,0
1,0,7050516,0
1,0,7050516,0
1,1,7050518,1
1,1,7050518,1
1,1,7050518,1
1,1,7050518,1
1,0,7050520,0
0,0,7050520,0
1,0,7050520,0
1,0,7050520,0
1,1,7050522,1
0,1,7050522,1
0,1,7050522,1
1,1,7050522,1
1,1,8010105,1
1,1,8010105,1
1,1,8010105,1
1,1,8010105,1
1,1,8010105,1
1,1,8010105,1
1,1,8010106,1
1,1,8010106,1
1,1,8010106,1
1,1,8010106,1
1,1,8010106,1
1,1,8010106,1
1,1,8010107,1
1,1,8010107,1
0,1,8010107,1
1,1,8010107,1
1,1,8010107,1
1,1,8010107,1
1,1,8010108,1
1,1,8010108,1
1,1,8010108,1
1,1,8010108,1
1,1,8010108,1
1,1,8010108,1
0,0,8010109,0
0,0,8010109,0
0,0,8010109,0
1,0,8010109,0
1,0,8010109,0
1,0,8010109,0
0,0,8010125,0
0,0,8010125,0
1,0,8010128,1
1,0,8010128,1
1,0,8010128,1
0,0,8020201,1
1,0,8020201,1
0,0,8020201,1
0,0,8020201,1
0,0,8020201,1
0,0,8020201,1
1,1,8020203,1
1,1,8020203,1
1,1,8020203,1
0,1,8020203,1
1,1,8020203,1
0,1,8020203,1
1,1,8020205,1
0,1,8020205,1
1,1,8020205,1
1,1,8020205,1
1,1,8020205,1
0,1,8020205,1
0,1,8020206,1
0,1,8020206,1
1,1,8020206,1
1,1,8020206,1
0,1,8020206,1
0,1,8020206,1
0,1,8020207,1
1,1,8020207,1
0,1,8020207,1
0,1,8020207,1
1,1,8020207,1
0,1,8020207,1
0,1,8020208,1
0,1,8020208,1
0,1,8020208,1
1,1,8020208,1
0,1,8020208,1
0,1,8020208,1
0,0,8020209,0
0,0,8020209,0
0,0,8020209,0
0,0,8020209,0
0,0,8020209,0
0,0,8020209,0
1,1,8020210,1
0,1,8020210,1
1,1,8020210,1
1,1,8020210,1
0,1,8020210,1
0,1,8020210,1
1,1,8020211,1
0,1,8020211,1
0,1,8020211,1
1,1,8020211,1
1,1,8020211,1
1,1,8020211,1
1,1,8020212,1
0,1,8020212,1
0,1,8020212,1
1,1,8020212,1
1,1,8020212,1
1,1,8020212,1
1,1,8020213,1
1,1,8020213,1
1,1,8020213,1
0,1,8020213,1
1,1,8020213,1
0,1,8020213,1
1,1,8020214,1
0,1,8020214,1
0,1,8020214,1
0,1,8020214,1
1,1,8020214,1
1,1,8020214,1
0,0,8020215,0
0,0,8020215,0
0,0,8020215,0
1,0,8020215,0
1,0,8020215,0
0,0,8020215,0
0,1,8020216,1
1,1,8020216,1
0,1,8020216,1
0,1,8020216,1
0,1,8020216,1
1,1,8020217,1
1,1,8020217,1
1,1,8020217,1
1,1,8020217,1
1,1,8020217,1
1,1,8020218,1
1,1,8020218,1
1,1,8020218,1
1,1,8020218,1
1,1,8020218,1
1,1,8020218,1
1,1,8020219,1
1,1,8020219,1
1,1,8020219,1
1,1,8020219,1
1,1,8020219,1
1,1,8020219,1
0,1,8020220,1
1,1,8020220,1
1,1,8020220,1
1,1,8020220,1
1,1,8020220,1
1,1,8020220,1
1,0,8020221,0
0,0,8020221,0
1,0,8020221,0
0,0,8020221,0
1,0,8020221,0
1,0,8020221,0
1,1,8020222,1
1,1,8020222,1
1,1,8020222,1
0,1,8020222,1
0,1,8020223,1
1,1,8020223,1
1,1,8020223,1
1,1,8020223,1
0,1,8020223,1
1,1,8020223,1
0,0,8020224,0
1,0,8020224,0
1,0,8020224,0
0,0,8020224,0
0,0,8020224,0
0,1,8020225,1
1,1,8020225,1
0,1,8020225,1
1,1,8020225,1
0,1,8020225,1
1,1,8020225,1
1,1,8020226,1
1,1,8020226,1
1,1,8020226,1
1,1,8020226,1
1,1,8020226,1
1,1,8020227,1
1,1,8020227,1
1,1,8020227,1
1,1,8020227,1
1,1,8020227,1
0,1,8020227,1
1,1,8020228,1
1,1,8020228,1
1,1,8020228,1
1,1,8020228,1
0,1,8030314,1
1,1,8030314,1
0,1,8030314,1
1,1,8030314,1
1,1,8030314,1
0,1,8030314,1
1,1,8030315,1
0,1,8030315,1
1,1,8030315,1
1,1,8030315,1
1,1,8030315,1
0,1,8030315,1
0,1,8030316,1
1,1,8030316,1
0,1,8030316,1
0,1,8030316,1
1,1,8030316,1
1,1,8030316,1
0,0,8030317,0
0,0,8030317,0
0,0,8030317,0
0,0,8030317,0
0,0,8030317,0
0,0,8030317,0
1,1,8030318,1
0,1,8030318,1
0,1,8030318,1
0,1,8030318,1
0,1,8030318,1
0,1,8030318,1
1,0,8030321,0
1,0,8030321,0
1,0,8030321,0
0,0,8030321,0
1,0,8030321,0
1,0,8030321,0
1,1,8030322,1
0,1,8030322,1
1,1,8030322,1
1,1,8030322,1
1,1,8030322,1
1,1,8030322,1
1,0,8030323,0
1,0,8030323,0
1,0,8030323,0
1,0,8030323,0
1,0,8030323,0
1,0,8030323,0
1,1,8030324,1
0,1,8030324,1
1,1,8030324,1
0,1,8030324,1
1,1,8030324,1
0,0,8030325,0
0,0,8030325,0
1,0,8030325,0
1,0,8030325,0
1,0,8030325,0
1,0,8030325,0
1,1,8030326,1
1,1,8030326,1
1,1,8030326,1
1,1,8030326,1
1,1,8030326,1
0,1,8030327,1
1,1,8030327,1
0,1,8030327,1
1,1,8030327,1
1,1,8030327,1
0,1,8030327,1
1,1,8030328,1
1,1,8030328,1
0,1,8030328,1
0,1,8030328,1
1,1,8030328,1
0,1,8030328,1
0,1,8040417,1
1,1,8040417,1
1,1,8040417,1
1,1,8040417,1
1,1,8040417,1
1,1,8040418,1
1,1,8040418,1
1,1,8040418,1
1,1,8040418,1
1,1,8040418,1
1,1,8040418,1
1,0,8040419,0
1,0,8040419,0
1,0,8040419,0
1,0,8040419,0
1,0,8040419,0
1,0,8040419,0
1,1,8040420,1
1,1,8040420,1
1,1,8040420,1
1,1,8040420,1
1,1,8040420,1
1,1,8040420,1
1,1,8040421,1
1,1,8040421,1
1,1,8040421,1
1,1,8040421,1
1,1,8040421,1
1,1,8040421,1
1,0,8040422,0
1,0,8040422,0
1,0,8040422,0
1,0,8040422,0
1,0,8040422,0
1,1,8040423,1
1,1,8040423,1
1,1,8040423,1
1,1,8040423,1
1,1,8040423,1
1,1,8040423,1
1,0,8040424,0
1,0,8040424,0
1,0,8040424,0
1,0,8040424,0
1,0,8040424,0
1,0,8040424,0
1,1,8040425,1
1,1,8040425,1
1,1,8040425,1
1,1,8040425,1
1,1,8040425,1
0,1,9010102,1
0,1,9010102,1
0,1,9010102,1
0,1,9010103,1
0,1,9010103,1
1,1,9010103,1
0,1,9010103,1
0,1,9010104,1
0,1,9010104,1
1,1,9010104,1
0,1,9010104,1
1,1,9010105,1
0,1,9010105,1
0,1,9010105,1
1,1,9010105,1
0,1,9010106,1
1,1,9010106,1
1,1,9010106,1
0,1,9010106,1
0,1,9010107,1
0,1,9010107,1
1,1,9010107,1
1,1,9010107,1
1,1,9010108,1
1,1,9010108,1
1,1,9010108,1
1,1,9010108,1
1,1,9010109,1
1,1,9010109,1
0,1,9010109,1
0,1,9010109,1
0,1,9010110,1
0,1,9010110,1
0,1,9010110,1
0,1,9010110,1
1,1,9010112,1
0,1,9010112,1
1,1,9010112,1
0,1,9010112,1
0,1,9010113,1
1,1,9010113,1
1,1,9010113,1
0,1,9010113,1
0,0,9010114,0
0,0,9010114,0
0,0,9010114,0
0,0,9010114,0
0,1,9010115,1
0,1,9010115,1
0,1,9010115,1
0,1,9010115,1
1,1,9010116,1
1,1,9010116,1
1,1,9010116,1
1,1,9010116,1
1,0,9010117,0
0,0,9010117,0
0,0,9010117,0
1,0,9010117,0
0,0,9010118,0
1,0,9010118,0
0,0,9010118,0
0,0,9010118,0
1,0,9010119,0
0,0,9010119,0
1,0,9010119,0
0,0,9010119,0
1,0,9010120,0
1,0,9010120,0
1,0,9010120,0
0,0,9010120,0
0,0,9010121,0
1,0,9010121,0
0,0,9010121,0
1,0,9010121,0
1,1,9010122,1
1,1,9010122,1
1,1,9010122,1
1,1,9010122,1
1,0,9010123,0
1,0,9010123,0
1,0,9010123,0
1,0,9010123,0
1,0,9010124,0
1,0,9010124,0
1,0,9010124,0
1,0,9010124,0
0,1,9010126,1
1,1,9010126,1
0,1,9010126,1
0,1,9010126,1
0,0,9010130,0
1,0,9010130,0
0,0,9010130,0
0,0,9010130,0
1,1,9010132,1
1,1,9010132,1
1,1,9010132,1
1,1,9010132,1
0,1,9020201,1
1,1,9020201,1
0,1,9020201,1
1,1,9020201,1
1,1,9020202,1
1,1,9020202,1
1,1,9020202,1
1,1,9020202,1
0,0,9020204,0
0,0,9020204,0
0,0,9020204,0
0,0,9020204,0
1,1,9020205,1
1,1,9020205,1
0,1,9020205,1
0,1,9020205,1
0,0,9020206,0
1,0,9020206,0
0,0,9020206,0
0,0,9020206,0
1,1,9020207,1
1,1,9020207,1
1,1,9020207,1
1,1,9020207,1
0,1,9020208,1
0,1,9020208,1
0,1,9020208,1
0,1,9020208,1
1,1,9020209,1
1,1,9020209,1
1,1,9020209,1
1,1,9020209,1
1,1,9020210,1
1,1,9020210,1
1,1,9020210,1
1,1,9020210,1
1,0,9020212,0
0,0,9020212,0
1,0,9020212,0
1,0,9020212,0
1,0,9020213,0
0,0,9020213,0
0,0,9020213,0
1,1,9020214,1
1,1,9020214,1
1,1,9020214,1
1,1,9020214,1
1,0,9020215,0
1,0,9020215,0
1,0,9020215,0
1,0,9020215,0
1,1,9020216,1
1,1,9020216,1
1,1,9020216,1
1,1,9020216,1
1,1,9020217,1
1,1,9020217,1
1,1,9020217,1
1,1,9020217,1
1,0,9020218,0
1,0,9020218,0
1,0,9020218,0
1,0,9020218,0
1,1,9020219,1
1,1,9020219,1
1,1,9020219,1
0,1,9020219,1
0,0,9020220,0
0,0,9020220,0
1,0,9020220,0
0,0,9020220,0
1,1,9020221,1
1,1,9020221,1
1,1,9020221,1
0,1,9020221,1
1,1,9020222,1
0,1,9020222,1
0,1,9020222,1
0,1,9020222,1
1,1,9020223,1
1,1,9020223,1
0,1,9020223,1
0,1,9020223,1
0,0,9020224,0
0,0,9020224,0
0,0,9020224,0
0,0,9020224,0
0,0,9020225,0
0,0,9020225,0
0,0,9020225,0
0,0,9020225,0
0,0,9020226,0
0,0,9020226,0
0,0,9020226,0
0,0,9020226,0
0,0,9020228,0
0,0,9020228,0
0,0,9020228,0
0,0,9020228,0
1,1,9020229,1
1,1,9020229,1
1,1,9020229,1
0,1,9020229,1
0,1,9020231,1
0,1,9020231,1
0,1,9020231,1
0,1,9020231,1
0,0,9020232,0
0,0,9020232,0
0,0,9020232,0
0,0,9020232,0
0,0,9030301,0
0,0,9030301,0
0,0,9030301,0
0,0,9030301,0
1,1,9030302,1
0,1,9030302,1
1,1,9030302,1
0,1,9030302,1
0,1,9030304,1
0,1,9030304,1
0,1,9030304,1
0,1,9030304,1
1,1,9030305,1
1,1,9030305,1
1,1,9030305,1
0,1,9030305,1
0,0,9030306,0
0,0,9030306,0
0,0,9030306,0
1,0,9030306,0
0,0,9030307,0
0,0,9030307,0
0,0,9030307,0
1,0,9030307,0
0,0,9030308,0
1,0,9030308,0
1,0,9030308,0
1,0,9030308,0
0,1,9030309,1
0,1,9030309,1
0,1,9030309,1
0,1,9030309,1
1,1,9030310,1
1,1,9030310,1
1,1,9030310,1
1,1,9030310,1
1,0,9030312,0
1,0,9030312,0
0,0,9030312,0
1,0,9030312,0
0,1,9030313,1
1,1,9030313,1
1,1,9030313,1
0,1,9030313,1
1,1,9030314,1
0,1,9030314,1
1,1,9030314,1
1,1,9030314,1
1,1,9030315,1
1,1,9030315,1
1,1,9030315,1
0,1,9030315,1
0,1,9030316,1
0,1,9030316,1
0,1,9030316,1
1,1,9030316,1
0,0,9030317,0
0,0,9030317,0
0,0,9030317,0
0,0,9030317,0
1,0,9030318,1
1,0,9030318,1
1,0,9030318,1
1,0,9030318,1
1,1,9030319,1
0,1,9030319,1
1,1,9030319,1
0,1,9030319,1
1,1,9030320,1
1,1,9030320,1
1,1,9030320,1
1,1,9030320,1
1,1,9030321,1
1,1,9030321,1
1,1,9030321,1
1,1,9030321,1
0,1,9030322,1
0,1,9030322,1
0,1,9030322,1
1,1,9030322,1
1,1,9030323,1
1,1,9030323,1
1,1,9030323,1
1,1,9030323,1
1,1,9030324,1
1,1,9030324,1
1,1,9030324,1
1,1,9030324,1
0,0,9030325,0
0,0,9030325,0
0,0,9030325,0
0,0,9030325,0
1,1,9030326,1
1,1,9030326,1
1,1,9030326,1
1,1,9030326,1
0,0,9030328,0
0,0,9030328,0
0,0,9030328,0
0,0,9030328,0
1,1,9030329,1
1,1,9030329,1
1,1,9030329,1
1,1,9030329,1
1,0,9030330,1
1,0,9030330,1
1,0,9030330,1
1,0,9030330,1
1,1,9030331,1
1,1,9030331,1
1,1,9030331,1
1,1,9030331,1
0,0,9030332,0
0,0,9030332,0
1,0,9030332,0
1,0,9030332,0
0,0,9040401,0
0,0,9040401,0
0,0,9040401,0
0,0,9040401,0
0,1,9040402,1
1,1,9040402,1
1,1,9040402,1
1,1,9040402,1
0,0,9040404,0
0,0,9040404,0
0,0,9040404,0
0,0,9040404,0
1,1,9040405,1
1,1,9040405,1
1,1,9040405,1
0,1,9040405,1
1,1,9040424,1
1,1,9040424,1
1,1,9040424,1
1,1,9040424,1
1,1,9040425,1
1,1,9040425,1
1,1,9040425,1
1,1,9040425,1
1,0,9040426,0
1,0,9040426,0
1,0,9040426,0
1,0,9040426,0
1,1,9040428,1
1,1,9040428,1
0,1,9040428,1
0,1,9040428,1
1,1,9040429,1
1,1,9040429,1
1,1,9040429,1
1,1,9040429,1
1,0,9040430,0
1,0,9040430,0
1,0,9040430,0
1,0,9040430,0
1,0,9040431,1
1,0,9040431,1
0,0,9040431,1
1,0,9040431,1
1,1,9040432,1
1,1,9040432,1
1,1,9040432,1
1,1,9040432,1
1,1,9050530,1
1,1,9050530,1
1,1,9050530,1
1,1,9050530,1
0,0,9050531,0
0,0,9050531,0
1,0,9050531,0
0,1,9050532,1
0,1,9050532,1
0,1,9050532,1
1,1,9050532,1
0,0,9060609,0
0,0,9060609,0
1,0,9060609,0
1,0,9060609,0
1,1,9060610,1
0,1,9060610,1
0,1,9060610,1
1,1,9060610,1
1,0,9060612,0
1,0,9060612,0
1,0,9060612,0
1,0,9060612,0
0,1,9060613,1
1,1,9060613,1
1,1,9060613,1
0,1,9060613,1
1,1,9060614,1
1,1,9060614,1
1,1,9060614,1
1,1,9060614,1
1,1,9060615,1
1,1,9060615,1
1,1,9060615,1
1,1,9060615,1
1,1,9060616,1
1,1,9060616,1
1,1,9060616,1
1,1,9060616,1
0,0,9060617,0
1,0,9060617,0
1,0,9060617,0
1,0,9060617,0
1,1,9060618,1
1,1,9060618,1
1,1,9060618,1
1,1,9060618,1
1,1,9060619,1
1,1,9060619,1
1,1,9060619,1
1,1,9060619,1
0,0,9060620,0
1,0,9060620,0
1,0,9060620,0
1,0,9060620,0
1,1,9060621,1
1,1,9060621,1
1,1,9060621,1
1,1,9060621,1
1,1,9060622,1
1,1,9060622,1
1,1,9060622,1
1,1,9060623,1
1,1,9060623,1
1,1,9060623,1
1,1,9060623,1
1,0,9060624,0
0,0,9060624,0
1,0,9060624,0
1,0,9060624,0
1,1,9060625,1
1,1,9060625,1
1,1,9060625,1
1,1,9060625,1
1,0,9060626,0
1,0,9060626,0
1,0,9060626,0
1,0,9060626,0
1,0,9060628,0
1,0,9060628,0
1,0,9060628,0
1,0,9060628,0
1,0,9060629,0
1,0,9060629,0
1,0,9060629,0
1,0,9060629,0
1,1,9060630,1
1,1,9060630,1
1,1,9060630,1
1,1,9060630,1
1,1,9060631,1
1,1,9060631,1
1,1,9060631,1
1,1,9060631,1
0,0,9060632,0
0,0,9060632,0
0,0,9060632,0
0,0,9060632,0
1,0,10060603,0
1,0,10060603,0
1,0,10060603,0
1,0,10060603,0
1,1,10060604,1
1,1,10060604,1
1,1,10060604,1
1,1,10060604,1
1,1,10060606,1
1,1,10060606,1
1,1,10060606,1
1,1,10060606,1
1,0,10060607,0
1,0,10060607,0
1,0,10060607,0
1,0,10060607,0
1,1,11011012,1
1,1,11011012,1
1,1,11011012,1
1,1,11011012,1
1,1,11011013,1
1,1,11011013,1
1,1,11011013,1
1,1,11011013,1
1,1,11011016,1
1,1,11011016,1
1,1,11011016,1
1,1,11011016,1
1,0,11011017,0
1,0,11011017,0
1,0,11011017,0
1,0,11011017,0
1,0,11011022,1
1,0,11011022,1
1,0,11011022,1
0,0,11011022,1
1,1,11011024,1
1,1,11011024,1
1,1,11011024,1
1,1,11011024,1
1,0,11011025,1
1,0,11011025,1
1,0,11011025,1
1,0,11011026,0
1,0,11011026,0
1,0,11011026,0
1,0,11011026,0
1,0,11011028,0
1,0,11011028,0
1,0,11011028,0
1,0,11011028,0
0,0,11011028,0
0,0,11011028,0
0,0,11011028,0
1,0,11021031,0
1,0,11021031,0
1,0,11021031,0
1,0,11021031,0
1,1,11021032,1
0,1,11021032,1
1,1,11021032,1
1,1,11021032,1
0,0,11021033,0
0,0,11021033,0
1,0,11021033,0
1,0,11021033,0
1,1,11021034,1
1,1,11021034,1
0,1,11021034,1
0,0,11021035,0
0,0,11021035,0
1,0,11021035,0
1,0,11021035,0
0,0,11021036,0
1,0,11021036,0
0,0,11021036,0
1,0,11021036,0
0,0,11021037,0
0,0,11021037,0
0,0,11021037,0
1,0,11021037,0
0,0,11021041,0
1,0,11021041,0
0,0,11021041,0
1,0,11021041,0
1,1,11021042,1
0,1,11021042,1
0,1,11021042,1
0,1,11021042,1
0,0,11021043,1
1,0,11021043,1
1,0,11021043,1
1,0,11021043,1
0,0,11021044,0
0,0,11021044,0
0,0,11021044,0
1,0,11021044,0
1,0,11021045,0
0,0,11021045,0
0,0,11021045,0
1,0,11021045,0
1,1,11021046,1
1,1,11021046,1
1,1,11021046,1
0,1,11021046,1
0,0,11021047,0
1,0,11021047,0
0,0,11021047,0
1,0,11021047,0
0,0,11021048,1
1,0,11021048,1
1,0,11021048,1
1,0,11021048,1
0,0,11021049,0
0,0,11021049,0
1,0,11021049,0
1,0,11031051,1
1,0,11031051,1
1,0,11031051,1
1,0,11031051,1
1,1,11031052,1
1,1,11031052,1
1,1,11031052,1
1,0,11031053,0
1,0,11031053,0
1,0,11031053,0
1,0,11031053,0
1,0,11031054,0
1,0,11031054,0
1,0,11031054,0
1,0,11031054,0
1,1,11031055,1
1,1,11031055,1
1,1,11031055,1
1,1,11031055,1
1,1,11031056,1
1,1,11031056,1
1,1,11031056,1
1,1,11031056,1
1,0,11031057,0
1,0,11031057,0
1,0,11031057,0
1,0,11031057,0
1,1,11031061,1
1,1,11031061,1
1,1,11031061,1
1,1,11031061,1
1,1,11031062,1
1,1,11031062,1
1,1,11031062,1
1,1,11031062,1
1,0,11031063,0
1,0,11031063,0
1,0,11031063,0
1,0,11031063,0
1,0,11031064,0
1,0,11031064,0
1,0,11031064,0
1,0,11031064,0
1,1,11031065,1
1,1,11031065,1
1,1,11031065,1
1,1,11031065,1
1,0,11031066,0
1,0,11031066,0
1,0,11031066,0
1,0,11031066,0
1,0,11031067,0
1,0,11031067,0
1,0,11031067,0
1,1,11031068,1
1,1,11031068,1
1,1,11031068,1
1,0,11031069,0
1,0,11031069,0
1,0,11031069,0
1,0,11031069,0
1,0,11041071,0
1,0,11041071,0
1,0,11041071,0
1,0,11041071,0
1,1,11041072,1
1,1,11041072,1
1,1,11041072,1
1,1,11041072,1
1,0,11041073,0
1,0,11041073,0
1,0,11041073,0
1,0,11041073,0
1,1,11041074,1
1,1,11041074,1
1,1,11041074,1
1,1,11041074,1
1,1,11041075,1
1,1,11041075,1
1,1,11041075,1
1,1,11041075,1
1,1,11041076,1
1,1,11041076,1
1,1,11041076,1
1,1,11041076,1
1,1,11041077,1
1,1,11041077,1
1,1,11041077,1
1,1,11041077,1
1,1,11041081,1
1,1,11041081,1
1,1,11041081,1
1,1,11041081,1
1,1,11041082,1
1,1,11041082,1
1,1,11041082,1
1,1,11041082,1
1,1,11041083,1
1,1,11041083,1
1,1,11041083,1
1,1,11041083,1
1,1,11041084,1
1,1,11041084,1
1,1,11041084,1
1,1,11041084,1
1,1,11041085,1
1,1,11041085,1
1,1,11041085,1
1,1,11041085,1
1,1,11041086,1
1,1,11041086,1
1,1,11041086,1
1,1,11041086,1
1,0,11041087,0
1,0,11041087,0
1,0,11041087,0
1,0,11041087,0
1,0,11041088,0
1,0,11041088,0
1,0,11041088,0
1,0,11041088,0
1,1,11041089,1
1,1,11041089,1
1,1,11041089,1
1,1,11041089,1
1,0,11051091,1
1,0,11051091,1
1,0,11051091,1
1,0,11051091,1
1,0,11051092,1
1,0,11051092,1
1,0,11051092,1
1,0,11051092,1
1,0,11051093,0
0,0,11051093,0
1,0,11051093,0
1,0,11051093,0
1,0,11051094,0
1,0,11051094,0
1,0,11051094,0
1,0,11051094,0
0,0,11051095,0
1,0,11051095,0
0,0,11051095,0
0,0,11051095,0
1,1,11051096,1
1,1,11051096,1
1,1,11051096,1
1,1,11051096,1
1,0,11051097,0
1,0,11051097,0
1,0,11051097,0
0,0,11051097,0
1,1,11051101,1
0,1,11051101,1
1,1,11051101,1
0,1,11051101,1
0,1,11051102,1
1,1,11051102,1
1,1,11051102,1
0,1,11051102,1
1,1,11051103,1
1,1,11051103,1
1,1,11051103,1
0,1,11051103,1
1,1,11051104,1
1,1,11051104,1
1,1,11051104,1
1,1,11051104,1
0,0,11051105,0
0,0,11051105,0
0,0,11051105,0
0,0,11051105,0
1,0,11051106,1
1,0,11051106,1
1,0,11051106,1
1,0,11051106,1
0,0,11051107,0
0,0,11051107,0
0,0,11051107,0
0,0,11051107,0
1,0,11051108,0
0,0,11051108,0
1,0,11051108,0
1,0,11051108,0
0,0,11051109,0
0,0,11051109,0
1,0,11051109,0
0,0,11051109,0
1,0,11061111,1
0,0,11061111,1
1,0,11061111,1
0,0,11061111,1
0,1,11061112,1
1,1,11061112,1
1,1,11061112,1
0,1,11061112,1
0,1,11061113,1
1,1,11061113,1
0,1,11061113,1
1,1,11061113,1
1,1,11061114,1
1,1,11061114,1
1,1,11061114,1
0,1,11061115,1
0,1,11061115,1
1,1,11061115,1
1,1,11061115,1
1,1,11061116,1
1,1,11061116,1
1,1,11061116,1
0,1,11061116,1
1,0,11061117,0
1,0,11061117,0
1,0,11061117,0
1,0,11061117,0
0,0,11061118,0
1,0,11061118,0
0,0,11061118,0
0,0,11061118,0
1,1,11061122,1
1,1,11061122,1
1,1,11061122,1
1,1,11061122,1
1,1,11061123,1
1,1,11061123,1
1,1,11061123,1
1,1,11061123,1
0,0,11061124,0
1,0,11061124,0
1,0,11061124,0
1,0,11061124,0
1,0,11061125,0
1,0,11061125,0
1,0,11061125,0
1,0,11061125,0
1,0,11061126,0
1,0,11061126,0
1,0,11061126,0
1,0,11061126,0
1,0,11061127,0
1,0,11061127,0
1,0,11061127,0
1,0,11061127,0
1,0,11061128,0
1,0,11061128,0
1,0,11061128,0
1,0,11061128,0
1,0,11061129,0
1,0,11061129,0
1,0,11061129,0
1,0,11061129,0
1,0,12012012,0
1,0,12012012,0
1,0,12012012,0
1,0,12012012,0
1,1,12012013,1
1,1,12012013,1
1,1,12012013,1
1,1,12012013,1
1,1,12012014,1
1,1,12012014,1
1,1,12012015,1
1,1,12012015,1
1,1,12012015,1
1,1,12012016,1
1,1,12012016,1
1,1,12012016,1
1,1,12012016,1
1,1,12012017,1
1,1,12012017,1
1,1,12012017,1
1,1,12012017,1
1,0,12012021,0
1,0,12012021,0
1,0,12012021,0
1,0,12012021,0
1,1,12012022,1
1,1,12012022,1
1,1,12012022,1
1,0,12012024,0
1,0,12012024,0
1,0,12012024,0
1,0,12012024,0
1,1,12012025,1
1,1,12012025,1
1,1,12012025,1
1,1,12012025,1
1,1,12012026,1
1,1,12012026,1
1,1,12012026,1
1,1,12012026,1
1,0,12012027,0
1,0,12012027,0
1,0,12012027,0
1,0,12012027,0
1,1,12022031,1
1,1,12022031,1
1,1,12022031,1
1,1,12022031,1
1,0,12022033,1
1,0,12022033,1
1,0,12022033,1
1,0,12022033,1
1,1,12022034,1
1,1,12022034,1
1,1,12022034,1
1,1,12022034,1
1,1,12022035,1
1,1,12022035,1
1,1,12022035,1
1,1,12022035,1
1,0,12022036,0
1,0,12022036,0
1,0,12022036,0
1,0,12022036,0
1,1,12022040,1
1,1,12022040,1
1,1,12022040,1
1,1,12022040,1
1,1,12022041,1
1,1,12022041,1
1,1,12022041,1
1,1,12032060,1
1,1,12032060,1
1,1,12032060,1
1,1,12032060,1
1,0,12042077,0
1,0,12042077,0
1,0,12042077,0
1,0,12042077,0
0,1,12042080,1
1,1,12042080,1
0,1,12042080,1
0,1,12042080,1
0,0,12042081,0
0,0,12042081,0
0,0,12042081,0
0,0,12042081,0
1,0,12042082,0
1,0,12042082,0
0,0,12042082,0
0,0,12042082,0
1,1,12042083,1
1,1,12042083,1
1,1,12042083,1
1,1,12042083,1
0,0,12042084,0
1,0,12042084,0
1,0,12042084,0
1,0,12042084,0
0,0,12042085,0
0,0,12042085,0
1,0,12042085,0
1,1,12042086,1
1,1,12042086,1
1,1,12042086,1
1,1,12042086,1
1,1,12042087,1
1,1,12042087,1
1,1,12042087,1
0,1,12052091,1
0,1,12052091,1
0,1,12052091,1
0,1,12052091,1
0,1,12052092,1
0,1,12052092,1
0,1,12052092,1
1,1,12052092,1
0,1,12052093,1
0,1,12052093,1
0,1,12052093,1
0,0,12052094,0
0,0,12052094,0
0,0,12052094,0
0,0,12052094,0
0,1,12052095,1
1,1,12052095,1
0,1,12052095,1
0,1,12052095,1
0,0,12052096,0
0,0,12052096,0
0,0,12052096,0
0,0,12052096,0
1,1,12052097,1
0,1,12052097,1
1,1,12052097,1
0,1,12052097,1
0,1,12052100,1
0,1,12052100,1
0,1,12052100,1
0,1,12052101,1
0,1,12052101,1
1,1,12052101,1
0,1,12052101,1
1,1,12052102,1
1,1,12052102,1
1,1,12052102,1
1,1,12052102,1
1,1,12052103,1
0,1,12052103,1
1,1,12052103,1
1,1,12052103,1
1,0,12052104,1
0,0,12052104,1
0,0,12052104,1
0,0,12052104,1
0,0,12052105,0
0,0,12052105,0
0,0,12052105,0
1,1,12062120,1
1,1,12062120,1
1,1,12062120,1
1,1,12062120,1
1,1,13013012,1
1,1,13013012,1
1,1,13013012,1
1,1,13013012,1
1,1,13013013,1
1,1,13013013,1
1,1,13013013,1
1,1,13013013,1
1,1,13013014,1
1,1,13013014,1
1,1,13013014,1
1,0,13013015,1
1,0,13013015,1
1,0,13013015,1
1,0,13013015,1
1,1,13013016,1
0,1,13013016,1
1,1,13013016,1
1,1,13013016,1
1,1,13013017,1
0,1,13013017,1
1,1,13013017,1
1,1,13013017,1
1,1,13013018,1
1,1,13013018,1
1,1,13013018,1
0,0,13013021,1
0,0,13013021,1
0,0,13013021,1
0,0,13013021,1
0,1,13013022,1
1,1,13013022,1
0,1,13013022,1
1,1,13013022,1
0,1,13013023,1
1,1,13013023,1
0,1,13013023,1
0,1,13013023,1
1,0,13013024,1
1,0,13013024,1
1,1,13013025,1
1,1,13013025,1
1,1,13023031,1
1,1,13023031,1
1,1,13023031,1
1,1,13023031,1
1,1,13023032,1
1,1,13023032,1
1,1,13023032,1
1,1,13023032,1
1,0,13023033,0
1,0,13023033,0
1,0,13023033,0
0,0,13023033,0
1,1,13023034,1
1,1,13023034,1
1,1,13023034,1
1,1,13023034,1
1,1,13023035,1
1,1,13023035,1
1,1,13023035,1
1,1,13023035,1
1,1,13023036,1
1,1,13023036,1
1,1,13023036,1
1,1,13023036,1
1,0,13023037,0
1,0,13023037,0
1,0,13023037,0
1,0,13023037,0
1,1,13023038,1
1,1,13023038,1
1,1,13023038,1
1,1,13023038,1
1,0,14010102,1
1,0,14010102,1
1,0,14010102,1
1,0,14010102,1
0,1,14010104,1
0,1,14010104,1
1,1,14010104,1
1,1,14010104,1
0,0,14010106,0
1,0,14010106,0
1,0,14010106,0
1,1,14010108,1
1,1,14010108,1
1,1,14010108,1
1,1,14010108,1
0,0,14010114,0
1,0,14010114,0
1,0,14010114,0
1,0,14010114,0
0,1,14010116,1
0,1,14010116,1
0,1,14010116,1
0,1,14010116,1
0,0,14010118,0
0,0,14010118,0
0,0,14010118,0
0,0,14010118,0
1,1,14010119,1
1,1,14010119,1
1,1,14010119,1
1,1,14010119,1
0,0,14010120,0
0,0,14010120,0
0,0,14010120,0
0,0,14010120,0
1,1,14010121,1
1,1,14010121,1
1,1,14010121,1
1,1,14010121,1
1,1,14010122,1
0,1,14010122,1
0,1,14010122,1
1,1,14010123,1
1,1,14010123,1
1,1,14010123,1
1,1,14010123,1
1,1,14010124,1
1,1,14010124,1
1,1,14010124,1
1,1,14010124,1
1,1,14010126,1
1,1,14010126,1
1,1,14010126,1
1,1,14010126,1
1,0,14010131,0
1,0,14010131,0
1,0,14010131,0
0,0,14010131,0
1,1,14010132,1
1,1,14010132,1
1,1,14010132,1
1,1,14010132,1
1,0,14010134,1
1,0,14010134,1
1,0,14010134,1
1,1,14010136,1
1,1,14010136,1
1,1,14010136,1
1,1,14010136,1
1,0,14010138,1
1,0,14010138,1
1,0,14010138,1
1,0,14010138,1
1,1,14010141,1
0,1,14010141,1
1,1,14010141,1
1,1,14010142,1
1,1,14010142,1
1,1,14010142,1
1,1,14010142,1
1,1,14010143,1
1,1,14010143,1
1,1,14010143,1
1,1,14010143,1
1,1,14010144,1
1,1,14010144,1
1,1,14010145,1
0,1,14010145,1
0,1,14010145,1
0,1,14010145,1
1,0,14060624,0
1,0,14060624,0
1,1,14060625,1
1,1,14060625,1
1,1,14060625,1
1,0,14060626,0
1,0,14060626,0
1,0,14060626,0
1,0,14060626,0
1,0,14060627,0
1,0,14060627,0
1,0,14060627,0
1,0,14060627,0
1,1,14060629,1
0,1,14060629,1
1,1,14060629,1
1,1,14060629,1
1,1,14060630,1
1,1,14060630,1
1,1,14060630,1
1,1,14060630,1
1,0,14060631,1
1,0,14060631,1
1,0,14060631,1
1,0,14060631,1
1,1,14060632,1
1,1,14060632,1
1,1,14060632,1
1,1,14060632,1
1,1,14060634,1
1,1,14060634,1
0,1,14060634,1
1,1,14060634,1
0,1,14060636,1
0,1,14060636,1
0,1,14060636,1
0,1,14060636,1
1,0,14060638,0
0,0,14060638,0
0,0,14060638,0
0,0,14060638,0
1,1,14060641,1
1,1,14060641,1
1,1,14060641,1
1,1,14060641,1
1,1,14060642,1
0,1,14060642,1
1,1,14060642,1
1,1,14060642,1
1,0,14060643,0
1,0,14060643,0
0,0,14060643,0
1,0,14060643,0
0,0,14060644,0
0,0,14060644,0
0,0,14060644,0
0,0,14060644,0
0,1,14060645,1
0,1,14060645,1
1,1,14060645,1
1,1,14060645,1
1,1,14060646,1
1,1,14060646,1
1,1,14060646,1
1,1,14060646,1
0,0,14060647,0
1,0,14060647,0
1,0,14060647,0
1,0,14060647,0
0,1,14060648,1
1,1,14060648,1
0,1,14060648,1
0,1,14060648,1
1,0,15010103,0
1,0,15010103,0
1,0,15010103,0
1,0,15010103,0
1,0,15010104,1
1,0,15010104,1
1,0,15010104,1
1,1,15010105,1
1,1,15010105,1
1,1,15010105,1
1,1,15010105,1
1,0,15010106,0
1,0,15010106,0
1,0,15010106,0
1,1,15010107,1
1,1,15010107,1
1,1,15010107,1
1,1,15010107,1
1,0,15010108,0
1,0,15010108,0
1,0,15010108,0
1,0,15010108,0
1,1,15050506,1
1,1,15050506,1
1,1,15050506,1
1,1,15050506,1
0,1,15050507,1
1,1,15050507,1
1,1,15050507,1
1,1,15050507,1
1,1,15050508,1
1,1,15050508,1
1,1,15050508,1
0,0,15050509,0
0,0,15050509,0
1,0,15050509,0
1,0,15050509,0
1,1,15050510,1
1,1,15050510,1
1,1,15050510,1
1,1,15050510,1
1,0,15060648,0
1,0,15060648,0
1,0,15060648,0
1,0,15060648,0
1,0,15060649,0
1,0,15060649,0
1,0,15060649,0
1,0,15060649,0
1,1,15060650,1
1,1,15060650,1
1,1,15060650,1
1,1,15060650,1
1,1,15060651,1
1,1,15060651,1
1,1,15060651,1
1,1,15060651,1
1,0,16011012,0
0,0,16011012,0
0,0,16011012,0
1,0,16011012,0
1,1,16011013,1
1,1,16011013,1
1,1,16011013,1
1,1,16011013,1
1,1,16011014,1
1,1,16011014,1
1,1,16011014,1
1,1,16011014,1
1,0,16011015,0
1,0,16011015,0
1,0,16011015,0
0,1,16011016,1
1,1,16011016,1
1,1,16011016,1
1,1,16011016,1
0,1,16011017,1
0,1,16011017,1
0,1,16011017,1
1,1,16011017,1
1,1,16011021,1
1,1,16011021,1
1,1,16011021,1
1,1,16011021,1
1,1,16011022,1
1,1,16011022,1
1,1,16011022,1
1,1,16011022,1
1,0,16011023,0
1,0,16011023,0
1,0,16011023,0
1,0,16011023,0
1,1,16011024,1
1,1,16011024,1
1,1,16011024,1
1,1,16011024,1
1,1,16011025,1
1,1,16011025,1
1,1,16011025,1
0,1,16011025,1
1,1,16011026,1
1,1,16011026,1
1,1,16011026,1
1,1,16011026,1
1,1,16011027,1
1,1,16011027,1
0,1,16011027,1
1,1,16011027,1
1,0,16021031,0
1,0,16021031,0
1,0,16021031,0
1,0,16021031,0
1,0,16021032,0
1,0,16021032,0
1,0,16021032,0
1,0,16021032,0
1,1,16021033,1
1,1,16021033,1
1,1,16021033,1
1,1,16021033,1
0,1,16021034,1
1,1,16021034,1
1,1,16021034,1
1,1,16021034,1
1,1,16021035,1
1,1,16021035,1
1,1,16021035,1
1,1,16021035,1
1,1,16021036,1
1,1,16021036,1
1,1,16021036,1
1,1,16021036,1
1,0,16031062,0
1,0,16031062,0
1,0,16031062,0
1,0,16031062,0
0,0,16031063,1
0,0,16031063,1
0,0,16031063,1
1,0,16031063,1
1,1,16031064,1
1,1,16031064,1
1,1,16031064,1
1,1,16031064,1
1,0,16031067,0
1,0,16031067,0
1,0,16031067,0
1,0,16031067,0
1,0,16041071,1
1,0,16041071,1
1,0,16041071,1
1,1,16041072,1
1,1,16041072,1
1,1,16041072,1
1,1,16041072,1
0,0,16041073,0
0,0,16041073,0
0,0,16041073,0
0,0,16041073,0
1,1,16041074,1
1,1,16041074,1
1,1,16041074,1
1,1,16041074,1
0,0,16041075,0
0,0,16041075,0
0,0,16041075,0
1,0,16041075,0
1,0,16041076,1
1,0,16041076,1
0,0,16041076,1
0,0,16041076,1
1,1,16041077,1
1,1,16041077,1
1,1,16041077,1
1,1,16041077,1
1,0,16041080,0
1,0,16041080,0
0,0,16041080,0
1,0,16041080,0
0,1,16041081,1
1,1,16041081,1
1,1,16041081,1
0,1,16041081,1
1,0,16041087,0
1,0,16041087,0
1,0,16041087,0
1,0,16041087,0
1,1,16051091,1
1,1,16051091,1
1,1,16051091,1
1,1,16051091,1
1,1,16051092,1
1,1,16051092,1
1,1,16051092,1
1,1,16051092,1
1,1,16051093,1
1,1,16051093,1
1,1,16051093,1
1,1,16051093,1
0,1,16051094,1
1,1,16051094,1
1,1,16051094,1
1,1,16051094,1
0,0,16051095,0
1,0,16051095,0
0,0,16051095,0
0,0,16051095,0
0,0,16051096,0
0,0,16051096,0
0,0,16051096,0
1,0,16051096,0
0,0,16051097,0
0,0,16051097,0
0,0,16051097,0
0,0,16051097,0
0,0,16061111,0
0,0,16061111,0
1,0,16061111,0
1,0,16061111,0
1,0,16061112,1
1,0,16061112,1
0,0,16061112,1
0,0,16061112,1
1,1,16061115,1
1,1,16061115,1
1,1,16061115,1
1,1,16061115,1
1,1,16061116,1
1,1,16061116,1
0,1,16061116,1
1,1,16061116,1
0,1,16061117,1
0,1,16061117,1
0,1,16061117,1
1,1,16061117,1
1,1,16061121,1
0,1,16061121,1
1,1,16061121,1
0,1,16061121,1
1,1,16061122,1
1,1,16061122,1
1,1,16061122,1
1,1,16061122,1
0,1,16061123,1
0,1,16061123,1
1,1,16061123,1
0,1,16061123,1
1,0,16061124,0
0,0,16061124,0
0,0,16061124,0
1,0,16061124,0
1,1,16061125,1
1,1,16061125,1
0,1,16061125,1
1,1,16061125,1
0,0,16061126,0
0,0,16061126,0
1,0,16061126,0
1,0,16061126,0
0,0,16061127,0
1,0,16061127,0
1,0,16061127,0
0,0,16061127,0
0,1,17032051,1
0,1,17032051,1
0,1,17032051,1
0,1,17032051,1
0,0,17032052,0
1,0,17032052,0
0,0,17032052,0
0,0,17032052,0
0,0,17032053,0
0,0,17032053,0
0,0,17032053,0
0,0,17032053,0
1,1,18013012,1
1,1,18013012,1
1,1,18013012,1
1,1,18013013,1
1,1,18013013,1
1,1,18013013,1
1,1,18013013,1
1,0,18013014,0
1,0,18013014,0
1,0,18013014,0
1,0,18013014,0
1,1,18013015,1
1,1,18013015,1
1,1,18013015,1
1,1,18013015,1
1,0,18013016,1
1,0,18013016,1
1,0,18013016,1
1,0,18013016,1
1,1,18013017,1
1,1,18013017,1
1,1,18013017,1
1,1,18013018,1
1,1,18013018,1
1,1,18013018,1
1,1,19011012,1
1,1,19011012,1
1,1,19011012,1
1,1,19011012,1
1,1,19011013,1
1,1,19011013,1
1,1,19011013,1
1,1,19011013,1
1,1,19011014,1
1,1,19011014,1
1,1,19011014,1
1,1,19011014,1
1,0,19011015,0
1,0,19011015,0
1,0,19011015,0
1,0,19011015,0
0,0,19011016,0
0,0,19011016,0
1,0,19011016,0
1,0,19011016,0
1,1,19011017,1
1,1,19011017,1
1,1,19011017,1
1,1,19011017,1
1,0,19011022,0
0,0,19011022,0
0,0,19011022,0
1,0,19011022,0
1,1,19051101,1
1,1,19051101,1
1,1,19051101,1
0,1,19051101,1
0,0,19051102,0
1,0,19051102,0
1,0,19051102,0
1,0,19051102,0
1,1,19051103,1
1,1,19051103,1
1,1,19051103,1
1,1,19051103,1
1,0,19051104,0
1,0,19051104,0
1,0,19051104,0
1,0,19051104,0
1,1,19061105,1
1,1,19061105,1
1,1,19061105,1
1,1,19061105,1
1,1,19061111,1
1,1,19061111,1
1,1,19061111,1
1,1,19061111,1
1,1,19061112,1
1,1,19061112,1
1,1,19061112,1
1,1,19061112,1
1,1,19061113,1
1,1,19061113,1
1,1,19061113,1
1,1,19061113,1
1,0,19061114,0
1,0,19061114,0
1,0,19061114,0
1,0,19061114,0
1,1,19061115,1
1,1,19061115,1
1,1,19061115,1
1,1,19061115,1
1,1,19061116,1
1,1,19061116,1
1,1,19061116,1
1,1,19061117,1
1,1,19061117,1
1,1,19061117,1
1,1,19061117,1
1,0,19061121,0
1,0,19061121,0
1,0,19061121,0
1,0,19061121,0
1,1,19061122,1
1,1,19061122,1
1,1,19061122,1
1,1,19061122,1
1,0,19061123,0
1,0,19061123,0
1,0,19061123,0
1,0,19061123,0
1,1,19061124,1
1,1,19061124,1
1,1,19061124,1
1,1,19061124,1
1,0,19061125,1
1,0,19061125,1
1,0,19061125,1
1,1,20012011,1
1,1,20012011,1
1,1,20012011,1
1,1,20012011,1
1,0,20012012,1
1,0,20012012,1
1,0,20012012,1
1,0,20012012,1
1,0,20012013,0
1,0,20012013,0
1,0,20012013,0
1,0,20012013,0
1,0,20012014,1
1,0,20012014,1
0,1,20042081,1
0,1,20042081,1
1,1,20042081,1
0,1,20042081,1
0,1,20042082,1
1,1,20042082,1
0,1,20042082,1
1,1,20042082,1
0,1,20042083,1
1,1,20042083,1
1,1,20042083,1
1,1,20042083,1
1,1,20042084,1
1,1,20042084,1
1,1,20042084,1
0,1,20042084,1
1,1,20042085,1
1,1,20042085,1
1,1,20042085,1
1,1,20042085,1
0,0,20042086,0
0,0,20042086,0
0,0,20042086,0
0,0,20042086,0
0,0,20042087,0
0,0,20042087,0
0,0,20042087,0
1,0,20042087,0
0,1,20052091,1
0,1,20052091,1
0,1,20052091,1
0,1,20052091,1
0,1,20052092,1
1,1,20052092,1
1,1,20052092,1
1,1,20052092,1
0,1,20052093,1
0,1,20052093,1
0,1,20052093,1
0,1,20052093,1
1,1,20052094,1
0,1,20052094,1
0,1,20052094,1
1,1,20052094,1
0,1,20052095,1
1,1,20052095,1
1,1,20052095,1
1,1,20052095,1
0,0,20052101,0
0,0,20052101,0
1,0,20052101,0
1,0,20052101,0
1,1,20052102,1
0,1,20052102,1
1,1,20052102,1
1,1,20052102,1
0,1,20052103,1
1,1,20052103,1
1,1,20052103,1
1,1,20052103,1
0,1,20052104,1
0,1,20052104,1
0,1,20052104,1
1,1,20052104,1
1,1,20052105,1
1,1,20052105,1
1,1,20052105,1
1,1,20052105,1
1,1,20052106,1
0,1,20052106,1
0,1,20052106,1
1,1,20052106,1
1,1,20052107,1
1,1,20052107,1
0,1,20052107,1
1,1,20052107,1
1,0,20062111,1
0,0,20062111,1
1,0,20062111,1
1,0,20062111,1
1,1,20062112,1
1,1,20062112,1
1,1,20062112,1
1,1,20062112,1
1,0,20062113,1
0,0,20062113,1
1,0,20062113,1
1,0,20062113,1
1,0,20062114,0
1,0,20062114,0
1,0,20062114,0
0,0,20062114,0
1,0,20062115,0
1,0,20062115,0
1,0,20062115,0
1,0,20062115,0
1,1,20062121,1
1,1,20062121,1
1,1,20062121,1
1,1,20062121,1
1,1,20062122,1
1,1,20062122,1
1,1,20062122,1
1,1,20062122,1
1,0,20062123,1
1,0,20062123,1
1,0,20062123,1
1,0,20062123,1
1,1,20062124,1
1,1,20062124,1
1,1,20062124,1
1,1,20062124,1
1,0,20062125,0
1,0,20062125,0
1,0,20062125,0
1,0,20062125,0
1,0,20062126,0
1,0,20062126,0
1,0,20062126,0
1,0,20062126,0
1,1,21013027,1
1,1,21013027,1
1,1,21013027,1
1,1,21013027,1
1,1,21013028,1
1,1,21013028,1
1,1,21013028,1
1,1,21013028,1
1,1,21023031,1
1,1,21023031,1
1,1,21023031,1
1,1,21023031,1
1,1,21023032,1
1,1,21023032,1
1,1,21023032,1
1,1,21023032,1
1,0,21023033,0
1,0,21023033,0
1,0,21023033,0
1,0,21023033,0
1,1,21023034,1
1,1,21023034,1
1,1,21023034,1
1,1,21023034,1
1,1,21023035,1
1,1,21023035,1
1,1,21023035,1
1,1,21023035,1
1,1,21023036,1
1,1,21023036,1
1,1,21023036,1
1,1,21023036,1
1,1,21023037,1
1,1,21023037,1
1,1,21023037,1
1,1,21023037,1
1,0,21023038,0
1,0,21023038,0
1,0,21023038,0
1,0,21023038,0
1,1,21023041,1
1,1,21023041,1
1,1,21023041,1
1,1,21023041,1
1,0,21023042,0
1,0,21023042,0
1,0,21023042,0
1,0,21023042,0
1,0,21023043,1
1,0,21023043,1
1,0,21023043,1
1,0,21023043,1
1,1,21023044,1
1,1,21023044,1
1,1,21023044,1
1,1,21023044,1
1,0,21023045,0
1,0,21023045,0
1,0,21023045,0
1,0,21023045,0
1,1,21023046,1
1,1,21023046,1
1,1,21023046,1
1,1,21023046,1
1,0,21023047,0
1,0,21023047,0
1,0,21023047,0
1,0,21023047,0
1,0,21023048,0
1,0,21023048,0
1,0,21023048,0
1,0,21023048,0
1,0,21033051,0
0,0,21033051,0
1,0,21033051,0
1,0,21033051,0
1,0,21033052,0
1,0,21033052,0
1,0,21033052,0
1,0,21033052,0
1,1,21033053,1
1,1,21033053,1
1,1,21033053,1
1,1,21033053,1
1,1,21033054,1
1,1,21033054,1
1,1,21033054,1
1,1,21033054,1
1,0,21033055,0
1,0,21033055,0
1,0,21033055,0
1,0,21033055,0
1,0,21033056,0
1,0,21033056,0
1,0,21033056,0
1,0,21033056,0
1,0,21033057,0
1,0,21033057,0
1,0,21033057,0
1,0,21033057,0
1,1,21033058,1
1,1,21033058,1
1,1,21033058,1
1,1,21033058,1
1,0,21033061,1
1,0,21033061,1
1,0,21033061,1
1,0,21033061,1
1,1,21033062,1
1,1,21033062,1
1,1,21033062,1
1,1,21033062,1
1,0,21033063,0
1,0,21033063,0
1,0,21033063,0
1,0,21033063,0
1,1,21033064,1
1,1,21033064,1
1,1,21033064,1
1,1,21033064,1
1,1,21033065,1
1,1,21033065,1
1,1,21033065,1
1,1,21033065,1
0,0,21033066,0
0,0,21033066,0
0,0,21033066,0
1,0,21033066,0
1,1,21033067,1
1,1,21033067,1
1,1,21033067,1
1,1,21033067,1
1,1,21033068,1
1,1,21033068,1
1,1,21033068,1
1,1,21033068,1
1,1,22011022,1
1,1,22011022,1
1,1,22011022,1
1,1,22011022,1
1,0,22011024,0
1,0,22011024,0
1,0,22011024,0
1,0,22011024,0
1,1,22011025,1
1,1,22011025,1
1,1,22011025,1
1,1,22011025,1
0,0,22031061,0
1,0,22031061,0
1,0,22031061,0
0,0,22031061,0
1,0,22031062,0
1,0,22031062,0
1,0,22031062,0
1,0,22031062,0
1,0,22031063,0
1,0,22031063,0
1,0,22031063,0
1,0,22031063,0
1,0,22031064,0
1,0,22031064,0
1,0,22031064,0
1,0,22031064,0
1,0,22041077,0
0,0,22041077,0
0,0,22041077,0
1,0,22041077,0
1,1,22041081,1
1,1,22041081,1
0,1,22041081,1
1,1,22041081,1
1,1,22041082,1
1,1,22041082,1
1,1,22041082,1
1,1,22041082,1
0,1,22041083,1
1,1,22041083,1
1,1,22041083,1
1,1,22041083,1
0,0,22041084,0
0,0,22041084,0
0,0,22041084,0
0,0,22041084,0
1,1,22041085,1
1,1,22041085,1
1,1,22041085,1
1,1,22041085,1
1,1,22051093,1
1,1,22051093,1
0,1,22051093,1
1,1,22051093,1
0,0,22051094,1
0,0,22051094,1
0,0,22051094,1
0,0,22051094,1
0,0,22051095,0
0,0,22051095,0
0,0,22051095,0
0,0,22051095,0
1,1,22051096,1
1,1,22051096,1
1,1,22051096,1
1,1,22051096,1
0,1,22051097,1
0,1,22051097,1
0,1,22051097,1
0,1,22051097,1
0,1,22051100,1
1,1,22051100,1
0,1,22051101,1
0,1,22051101,1
0,1,22051101,1
0,1,22051101,1
1,0,22051102,0
0,0,22051102,0
0,0,22051102,0
1,0,22051103,1
1,0,22051103,1
1,0,22051103,1
0,0,22051104,1
1,0,22051104,1
1,0,22051104,1
1,0,22051104,1
1,1,22051105,1
1,1,22051105,1
1,1,22051105,1
1,1,22051105,1
0,1,22061111,1
1,1,22061111,1
1,1,22061111,1
1,1,22061111,1
1,0,22061112,0
1,0,22061112,0
1,0,22061112,0
1,0,22061112,0
1,1,22061113,1
1,1,22061113,1
0,1,22061113,1
0,1,22061113,1
1,1,22061114,1
0,1,22061114,1
1,1,22061114,1
0,1,22061114,1
1,0,22061115,0
1,0,22061115,0
1,0,22061115,0
1,0,22061115,0
0,1,22061116,1
1,1,22061116,1
1,1,22061116,1
0,1,22061116,1
0,0,22061117,0
0,0,22061117,0
0,0,22061117,0
0,0,22061117,0
1,1,22061121,1
1,1,22061121,1
1,1,22061121,1
1,1,22061121,1
,1,22061122,1
,1,22061122,1
1,1,22061122,1
1,0,22061123,0
1,0,22061123,0
1,1,22061124,1
1,1,22061124,1
1,1,22061124,1
1,1,22061124,1
1,0,22061125,1
1,0,22061125,1
1,0,22061125,1
1,1,23022031,1
1,1,23022031,1
1,1,23022031,1
1,1,23022031,1
1,1,23022032,1
0,1,23022032,1
0,1,23022032,1
1,1,23022032,1
1,0,23022033,0
0,0,23022033,0
1,0,23022033,0
1,0,23022033,0
1,0,23022034,0
0,0,23022034,0
1,0,23022034,0
0,0,23022034,0
0,1,23022035,1
0,1,23022035,1
0,1,23022035,1
0,1,23022035,1
1,1,23022041,1
1,1,23022041,1
1,1,23022041,1
1,1,23022041,1
1,0,23022043,0
0,0,23022043,0
1,0,23022043,0
1,0,23022043,0
1,0,23022044,0
0,0,23022044,0
0,0,23022044,0
0,0,23022044,0
0,1,23022045,1
0,1,23022045,1
1,1,23022045,1
0,1,23022045,1
1,1,23022046,1
1,1,23022046,1
1,1,23022046,1
0,1,23022046,1
1,0,23022047,0
1,0,23022047,0
1,0,23022047,0
1,0,23022047,0
1,1,23022942,1
1,1,23022942,1
0,1,23022942,1
1,1,23022942,1
0,0,23032051,1
0,0,23032051,1
1,0,23032051,1
0,0,23032051,1
1,0,23032052,0
0,0,23032052,0
1,0,23032052,0
0,0,23032052,0
1,0,23032053,0
0,0,23032053,0
0,0,23032053,0
1,0,23032053,0
1,0,23032064,0
1,0,23032064,0
1,0,23032064,0
1,0,23032064,0
1,1,23032065,1
1,1,23032065,1
1,1,23032065,1
1,1,23032065,1
1,1,23032066,1
1,1,23032066,1
1,1,23032066,1
1,1,23032066,1
1,0,23032067,0
1,0,23032067,0
1,0,23032067,0
1,0,23032067,0
1,0,24013028,0
1,0,24013028,0
1,0,24013028,0
1,1,24023031,1
1,1,24023031,1
1,1,24023031,1
1,1,24023031,1
1,1,24023032,1
1,1,24023032,1
1,1,24023032,1
1,1,24023032,1
1,0,24023033,0
1,0,24023033,0
1,0,24023033,0
1,0,24023033,0
1,1,24023034,1
1,1,24023034,1
1,1,24023034,1
1,1,24023034,1
1,1,24023035,1
1,1,24023035,1
1,1,24023035,1
1,1,24023035,1
1,1,24033066,1
1,1,24033066,1
1,1,24033066,1
1,1,24033066,1
1,1,24033067,1
1,1,24033067,1
1,1,24033067,1
1,1,24033067,1
1,1,24033068,1
1,1,24033068,1
1,1,24033068,1
1,1,24033068,1
